{
  "backoff_reason": "system_load_exceeded",
  "system_load": {
    "load1m": 14.85498046875,
    "load5m": 12.50732421875,
    "load15m": 12.216796875
  },
  "load_max": 10.8,
  "cpu_cores": 12,
  "created_at": "2026-04-27T11:06:56.395Z",
  "ttl_ms": 3600000
}
